PRAGMA foreign_keys=OFF;
BEGIN TRANSACTION;
CREATE TABLE tag (
       tag_id integer primary key not null,
       tag text not null,
       notes text,
       status text default 'A' not null check (status = 'A' or status = 'I'),
       unique(tag)
);
INSERT INTO tag VALUES(1,'AWS Associate Solutions Architect Exam','','A');
INSERT INTO tag VALUES(2,'AWS Professional Solutions Architect Exam','','A');
CREATE TABLE question_tag (
       question_id integer not null,
       tag_id integer not null,
       foreign key(question_id) references question(question_id),
       foreign key(tag_id) references tag(tag_id),
       primary key(question_id, tag_id)
);
INSERT INTO question_tag VALUES(1,1);
INSERT INTO question_tag VALUES(1,2);
INSERT INTO question_tag VALUES(2,1);
INSERT INTO question_tag VALUES(2,2);
INSERT INTO question_tag VALUES(3,1);
INSERT INTO question_tag VALUES(3,2);
INSERT INTO question_tag VALUES(4,1);
INSERT INTO question_tag VALUES(4,2);
INSERT INTO question_tag VALUES(5,1);
INSERT INTO question_tag VALUES(5,2);
INSERT INTO question_tag VALUES(6,1);
INSERT INTO question_tag VALUES(6,2);
INSERT INTO question_tag VALUES(7,1);
INSERT INTO question_tag VALUES(7,2);
INSERT INTO question_tag VALUES(8,1);
INSERT INTO question_tag VALUES(8,2);
INSERT INTO question_tag VALUES(9,1);
INSERT INTO question_tag VALUES(9,2);
INSERT INTO question_tag VALUES(10,1);
INSERT INTO question_tag VALUES(10,2);
INSERT INTO question_tag VALUES(11,1);
INSERT INTO question_tag VALUES(11,2);
INSERT INTO question_tag VALUES(12,1);
INSERT INTO question_tag VALUES(12,2);
INSERT INTO question_tag VALUES(13,1);
INSERT INTO question_tag VALUES(13,2);
INSERT INTO question_tag VALUES(14,1);
INSERT INTO question_tag VALUES(14,2);
INSERT INTO question_tag VALUES(15,1);
INSERT INTO question_tag VALUES(15,2);
INSERT INTO question_tag VALUES(16,1);
INSERT INTO question_tag VALUES(16,2);
INSERT INTO question_tag VALUES(17,1);
INSERT INTO question_tag VALUES(17,2);
INSERT INTO question_tag VALUES(18,1);
INSERT INTO question_tag VALUES(18,2);
INSERT INTO question_tag VALUES(19,1);
INSERT INTO question_tag VALUES(19,2);
INSERT INTO question_tag VALUES(20,1);
INSERT INTO question_tag VALUES(20,2);
INSERT INTO question_tag VALUES(21,1);
INSERT INTO question_tag VALUES(21,2);
INSERT INTO question_tag VALUES(22,1);
INSERT INTO question_tag VALUES(22,2);
INSERT INTO question_tag VALUES(23,1);
INSERT INTO question_tag VALUES(23,2);
INSERT INTO question_tag VALUES(24,1);
INSERT INTO question_tag VALUES(24,2);
INSERT INTO question_tag VALUES(25,1);
INSERT INTO question_tag VALUES(25,2);
INSERT INTO question_tag VALUES(26,1);
INSERT INTO question_tag VALUES(26,2);
INSERT INTO question_tag VALUES(27,1);
INSERT INTO question_tag VALUES(27,2);
INSERT INTO question_tag VALUES(28,1);
INSERT INTO question_tag VALUES(28,2);
INSERT INTO question_tag VALUES(29,1);
INSERT INTO question_tag VALUES(29,2);
INSERT INTO question_tag VALUES(30,1);
INSERT INTO question_tag VALUES(30,2);
INSERT INTO question_tag VALUES(31,1);
INSERT INTO question_tag VALUES(31,2);
INSERT INTO question_tag VALUES(32,1);
INSERT INTO question_tag VALUES(32,2);
INSERT INTO question_tag VALUES(33,1);
INSERT INTO question_tag VALUES(33,2);
INSERT INTO question_tag VALUES(34,1);
INSERT INTO question_tag VALUES(34,2);
INSERT INTO question_tag VALUES(35,1);
INSERT INTO question_tag VALUES(35,2);
INSERT INTO question_tag VALUES(36,1);
INSERT INTO question_tag VALUES(36,2);
INSERT INTO question_tag VALUES(37,1);
INSERT INTO question_tag VALUES(37,2);
INSERT INTO question_tag VALUES(38,1);
INSERT INTO question_tag VALUES(38,2);
INSERT INTO question_tag VALUES(39,1);
INSERT INTO question_tag VALUES(39,2);
INSERT INTO question_tag VALUES(40,1);
INSERT INTO question_tag VALUES(40,2);
INSERT INTO question_tag VALUES(41,1);
INSERT INTO question_tag VALUES(41,2);
INSERT INTO question_tag VALUES(42,1);
INSERT INTO question_tag VALUES(42,2);
INSERT INTO question_tag VALUES(43,1);
INSERT INTO question_tag VALUES(43,2);
INSERT INTO question_tag VALUES(44,1);
INSERT INTO question_tag VALUES(44,2);
INSERT INTO question_tag VALUES(45,1);
INSERT INTO question_tag VALUES(45,2);
INSERT INTO question_tag VALUES(46,1);
INSERT INTO question_tag VALUES(46,2);
INSERT INTO question_tag VALUES(47,1);
INSERT INTO question_tag VALUES(47,2);
INSERT INTO question_tag VALUES(48,1);
INSERT INTO question_tag VALUES(48,2);
INSERT INTO question_tag VALUES(49,1);
INSERT INTO question_tag VALUES(49,2);
INSERT INTO question_tag VALUES(50,1);
INSERT INTO question_tag VALUES(50,2);
INSERT INTO question_tag VALUES(51,1);
INSERT INTO question_tag VALUES(51,2);
INSERT INTO question_tag VALUES(52,1);
INSERT INTO question_tag VALUES(52,2);
INSERT INTO question_tag VALUES(53,1);
INSERT INTO question_tag VALUES(53,2);
INSERT INTO question_tag VALUES(54,1);
INSERT INTO question_tag VALUES(54,2);
INSERT INTO question_tag VALUES(55,1);
INSERT INTO question_tag VALUES(55,2);
INSERT INTO question_tag VALUES(56,1);
INSERT INTO question_tag VALUES(56,2);
INSERT INTO question_tag VALUES(57,1);
INSERT INTO question_tag VALUES(57,2);
INSERT INTO question_tag VALUES(58,1);
INSERT INTO question_tag VALUES(58,2);
INSERT INTO question_tag VALUES(59,1);
INSERT INTO question_tag VALUES(59,2);
INSERT INTO question_tag VALUES(60,1);
INSERT INTO question_tag VALUES(60,2);
INSERT INTO question_tag VALUES(61,1);
INSERT INTO question_tag VALUES(61,2);
INSERT INTO question_tag VALUES(62,1);
INSERT INTO question_tag VALUES(62,2);
INSERT INTO question_tag VALUES(63,1);
INSERT INTO question_tag VALUES(63,2);
INSERT INTO question_tag VALUES(64,1);
INSERT INTO question_tag VALUES(64,2);
INSERT INTO question_tag VALUES(65,1);
INSERT INTO question_tag VALUES(65,2);
INSERT INTO question_tag VALUES(66,1);
INSERT INTO question_tag VALUES(66,2);
INSERT INTO question_tag VALUES(67,1);
INSERT INTO question_tag VALUES(67,2);
INSERT INTO question_tag VALUES(68,1);
INSERT INTO question_tag VALUES(68,2);
INSERT INTO question_tag VALUES(69,1);
INSERT INTO question_tag VALUES(69,2);
INSERT INTO question_tag VALUES(70,1);
INSERT INTO question_tag VALUES(70,2);
INSERT INTO question_tag VALUES(71,1);
INSERT INTO question_tag VALUES(71,2);
INSERT INTO question_tag VALUES(72,1);
INSERT INTO question_tag VALUES(72,2);
INSERT INTO question_tag VALUES(73,1);
INSERT INTO question_tag VALUES(73,2);
INSERT INTO question_tag VALUES(74,1);
INSERT INTO question_tag VALUES(74,2);
INSERT INTO question_tag VALUES(75,1);
INSERT INTO question_tag VALUES(75,2);
INSERT INTO question_tag VALUES(76,1);
INSERT INTO question_tag VALUES(76,2);
INSERT INTO question_tag VALUES(77,1);
INSERT INTO question_tag VALUES(77,2);
INSERT INTO question_tag VALUES(78,1);
INSERT INTO question_tag VALUES(78,2);
INSERT INTO question_tag VALUES(79,1);
INSERT INTO question_tag VALUES(79,2);
INSERT INTO question_tag VALUES(80,1);
INSERT INTO question_tag VALUES(80,2);
INSERT INTO question_tag VALUES(81,1);
INSERT INTO question_tag VALUES(81,2);
INSERT INTO question_tag VALUES(82,1);
INSERT INTO question_tag VALUES(82,2);
INSERT INTO question_tag VALUES(83,1);
INSERT INTO question_tag VALUES(83,2);
INSERT INTO question_tag VALUES(84,1);
INSERT INTO question_tag VALUES(84,2);
INSERT INTO question_tag VALUES(85,1);
INSERT INTO question_tag VALUES(85,2);
INSERT INTO question_tag VALUES(86,1);
INSERT INTO question_tag VALUES(86,2);
INSERT INTO question_tag VALUES(87,1);
INSERT INTO question_tag VALUES(87,2);
INSERT INTO question_tag VALUES(88,1);
INSERT INTO question_tag VALUES(88,2);
INSERT INTO question_tag VALUES(89,1);
INSERT INTO question_tag VALUES(89,2);
INSERT INTO question_tag VALUES(90,1);
INSERT INTO question_tag VALUES(90,2);
INSERT INTO question_tag VALUES(91,1);
INSERT INTO question_tag VALUES(91,2);
INSERT INTO question_tag VALUES(92,1);
INSERT INTO question_tag VALUES(92,2);
INSERT INTO question_tag VALUES(93,1);
INSERT INTO question_tag VALUES(93,2);
INSERT INTO question_tag VALUES(94,1);
INSERT INTO question_tag VALUES(94,2);
INSERT INTO question_tag VALUES(95,1);
INSERT INTO question_tag VALUES(95,2);
INSERT INTO question_tag VALUES(96,1);
INSERT INTO question_tag VALUES(96,2);
INSERT INTO question_tag VALUES(97,1);
INSERT INTO question_tag VALUES(97,2);
INSERT INTO question_tag VALUES(98,1);
INSERT INTO question_tag VALUES(98,2);
INSERT INTO question_tag VALUES(99,1);
INSERT INTO question_tag VALUES(99,2);
INSERT INTO question_tag VALUES(100,1);
INSERT INTO question_tag VALUES(100,2);
INSERT INTO question_tag VALUES(101,1);
INSERT INTO question_tag VALUES(101,2);
INSERT INTO question_tag VALUES(102,1);
INSERT INTO question_tag VALUES(102,2);
INSERT INTO question_tag VALUES(103,1);
INSERT INTO question_tag VALUES(103,2);
INSERT INTO question_tag VALUES(104,1);
INSERT INTO question_tag VALUES(104,2);
INSERT INTO question_tag VALUES(105,1);
INSERT INTO question_tag VALUES(105,2);
INSERT INTO question_tag VALUES(106,1);
INSERT INTO question_tag VALUES(106,2);
INSERT INTO question_tag VALUES(107,1);
INSERT INTO question_tag VALUES(107,2);
INSERT INTO question_tag VALUES(108,1);
INSERT INTO question_tag VALUES(108,2);
INSERT INTO question_tag VALUES(109,1);
INSERT INTO question_tag VALUES(109,2);
INSERT INTO question_tag VALUES(110,1);
INSERT INTO question_tag VALUES(110,2);
INSERT INTO question_tag VALUES(111,1);
INSERT INTO question_tag VALUES(111,2);
INSERT INTO question_tag VALUES(112,1);
INSERT INTO question_tag VALUES(112,2);
INSERT INTO question_tag VALUES(113,1);
INSERT INTO question_tag VALUES(113,2);
INSERT INTO question_tag VALUES(114,1);
INSERT INTO question_tag VALUES(114,2);
INSERT INTO question_tag VALUES(115,1);
INSERT INTO question_tag VALUES(115,2);
INSERT INTO question_tag VALUES(116,1);
INSERT INTO question_tag VALUES(116,2);
INSERT INTO question_tag VALUES(117,1);
INSERT INTO question_tag VALUES(117,2);
INSERT INTO question_tag VALUES(118,1);
INSERT INTO question_tag VALUES(118,2);
INSERT INTO question_tag VALUES(119,1);
INSERT INTO question_tag VALUES(119,2);
INSERT INTO question_tag VALUES(120,1);
INSERT INTO question_tag VALUES(120,2);
INSERT INTO question_tag VALUES(121,1);
INSERT INTO question_tag VALUES(121,2);
INSERT INTO question_tag VALUES(122,1);
INSERT INTO question_tag VALUES(122,2);
INSERT INTO question_tag VALUES(123,1);
INSERT INTO question_tag VALUES(123,2);
INSERT INTO question_tag VALUES(124,1);
INSERT INTO question_tag VALUES(124,2);
INSERT INTO question_tag VALUES(125,1);
INSERT INTO question_tag VALUES(125,2);
INSERT INTO question_tag VALUES(126,1);
INSERT INTO question_tag VALUES(126,2);
INSERT INTO question_tag VALUES(127,1);
INSERT INTO question_tag VALUES(127,2);
INSERT INTO question_tag VALUES(128,1);
INSERT INTO question_tag VALUES(128,2);
INSERT INTO question_tag VALUES(129,1);
INSERT INTO question_tag VALUES(129,2);
INSERT INTO question_tag VALUES(130,1);
INSERT INTO question_tag VALUES(130,2);
INSERT INTO question_tag VALUES(131,1);
INSERT INTO question_tag VALUES(131,2);
INSERT INTO question_tag VALUES(132,1);
INSERT INTO question_tag VALUES(132,2);
INSERT INTO question_tag VALUES(133,1);
INSERT INTO question_tag VALUES(133,2);
INSERT INTO question_tag VALUES(134,1);
INSERT INTO question_tag VALUES(134,2);
INSERT INTO question_tag VALUES(135,1);
INSERT INTO question_tag VALUES(135,2);
INSERT INTO question_tag VALUES(136,1);
INSERT INTO question_tag VALUES(136,2);
INSERT INTO question_tag VALUES(137,1);
INSERT INTO question_tag VALUES(137,2);
INSERT INTO question_tag VALUES(138,1);
INSERT INTO question_tag VALUES(138,2);
INSERT INTO question_tag VALUES(139,1);
INSERT INTO question_tag VALUES(139,2);
INSERT INTO question_tag VALUES(140,1);
INSERT INTO question_tag VALUES(140,2);
INSERT INTO question_tag VALUES(141,1);
INSERT INTO question_tag VALUES(141,2);
INSERT INTO question_tag VALUES(142,1);
INSERT INTO question_tag VALUES(142,2);
INSERT INTO question_tag VALUES(143,1);
INSERT INTO question_tag VALUES(143,2);
INSERT INTO question_tag VALUES(144,1);
INSERT INTO question_tag VALUES(144,2);
INSERT INTO question_tag VALUES(145,1);
INSERT INTO question_tag VALUES(145,2);
INSERT INTO question_tag VALUES(146,1);
INSERT INTO question_tag VALUES(146,2);
INSERT INTO question_tag VALUES(147,1);
INSERT INTO question_tag VALUES(147,2);
INSERT INTO question_tag VALUES(148,1);
INSERT INTO question_tag VALUES(148,2);
INSERT INTO question_tag VALUES(149,1);
INSERT INTO question_tag VALUES(149,2);
INSERT INTO question_tag VALUES(150,1);
INSERT INTO question_tag VALUES(150,2);
INSERT INTO question_tag VALUES(151,1);
INSERT INTO question_tag VALUES(151,2);
INSERT INTO question_tag VALUES(152,1);
INSERT INTO question_tag VALUES(152,2);
INSERT INTO question_tag VALUES(153,1);
INSERT INTO question_tag VALUES(153,2);
INSERT INTO question_tag VALUES(154,1);
INSERT INTO question_tag VALUES(154,2);
INSERT INTO question_tag VALUES(155,1);
INSERT INTO question_tag VALUES(155,2);
INSERT INTO question_tag VALUES(156,1);
INSERT INTO question_tag VALUES(156,2);
INSERT INTO question_tag VALUES(157,1);
INSERT INTO question_tag VALUES(157,2);
INSERT INTO question_tag VALUES(158,1);
INSERT INTO question_tag VALUES(158,2);
INSERT INTO question_tag VALUES(159,1);
INSERT INTO question_tag VALUES(159,2);
INSERT INTO question_tag VALUES(160,1);
INSERT INTO question_tag VALUES(160,2);
INSERT INTO question_tag VALUES(161,1);
INSERT INTO question_tag VALUES(161,2);
INSERT INTO question_tag VALUES(162,1);
INSERT INTO question_tag VALUES(162,2);
INSERT INTO question_tag VALUES(163,1);
INSERT INTO question_tag VALUES(163,2);
INSERT INTO question_tag VALUES(164,1);
INSERT INTO question_tag VALUES(164,2);
INSERT INTO question_tag VALUES(165,1);
INSERT INTO question_tag VALUES(165,2);
INSERT INTO question_tag VALUES(166,1);
INSERT INTO question_tag VALUES(166,2);
INSERT INTO question_tag VALUES(167,1);
INSERT INTO question_tag VALUES(167,2);
INSERT INTO question_tag VALUES(168,1);
INSERT INTO question_tag VALUES(168,2);
INSERT INTO question_tag VALUES(169,1);
INSERT INTO question_tag VALUES(169,2);
INSERT INTO question_tag VALUES(170,1);
INSERT INTO question_tag VALUES(170,2);
INSERT INTO question_tag VALUES(171,1);
INSERT INTO question_tag VALUES(171,2);
INSERT INTO question_tag VALUES(172,1);
INSERT INTO question_tag VALUES(172,2);
INSERT INTO question_tag VALUES(173,1);
INSERT INTO question_tag VALUES(173,2);
INSERT INTO question_tag VALUES(174,1);
INSERT INTO question_tag VALUES(174,2);
INSERT INTO question_tag VALUES(175,1);
INSERT INTO question_tag VALUES(175,2);
INSERT INTO question_tag VALUES(176,1);
INSERT INTO question_tag VALUES(176,2);
INSERT INTO question_tag VALUES(177,1);
INSERT INTO question_tag VALUES(177,2);
INSERT INTO question_tag VALUES(178,1);
INSERT INTO question_tag VALUES(178,2);
INSERT INTO question_tag VALUES(179,1);
INSERT INTO question_tag VALUES(179,2);
INSERT INTO question_tag VALUES(180,1);
INSERT INTO question_tag VALUES(180,2);
INSERT INTO question_tag VALUES(181,1);
INSERT INTO question_tag VALUES(181,2);
INSERT INTO question_tag VALUES(182,1);
INSERT INTO question_tag VALUES(182,2);
INSERT INTO question_tag VALUES(183,1);
INSERT INTO question_tag VALUES(183,2);
INSERT INTO question_tag VALUES(184,1);
INSERT INTO question_tag VALUES(184,2);
INSERT INTO question_tag VALUES(185,1);
INSERT INTO question_tag VALUES(185,2);
INSERT INTO question_tag VALUES(186,1);
INSERT INTO question_tag VALUES(186,2);
INSERT INTO question_tag VALUES(187,1);
INSERT INTO question_tag VALUES(187,2);
INSERT INTO question_tag VALUES(188,1);
INSERT INTO question_tag VALUES(188,2);
INSERT INTO question_tag VALUES(189,1);
INSERT INTO question_tag VALUES(189,2);
INSERT INTO question_tag VALUES(190,1);
INSERT INTO question_tag VALUES(190,2);
INSERT INTO question_tag VALUES(191,1);
INSERT INTO question_tag VALUES(191,2);
INSERT INTO question_tag VALUES(192,1);
INSERT INTO question_tag VALUES(192,2);
INSERT INTO question_tag VALUES(193,1);
INSERT INTO question_tag VALUES(193,2);
INSERT INTO question_tag VALUES(194,1);
INSERT INTO question_tag VALUES(194,2);
INSERT INTO question_tag VALUES(195,1);
INSERT INTO question_tag VALUES(195,2);
INSERT INTO question_tag VALUES(196,1);
INSERT INTO question_tag VALUES(196,2);
INSERT INTO question_tag VALUES(197,1);
INSERT INTO question_tag VALUES(197,2);
INSERT INTO question_tag VALUES(198,1);
INSERT INTO question_tag VALUES(198,2);
INSERT INTO question_tag VALUES(199,1);
INSERT INTO question_tag VALUES(199,2);
INSERT INTO question_tag VALUES(200,1);
INSERT INTO question_tag VALUES(200,2);
INSERT INTO question_tag VALUES(201,1);
INSERT INTO question_tag VALUES(201,2);
INSERT INTO question_tag VALUES(202,1);
INSERT INTO question_tag VALUES(202,2);
INSERT INTO question_tag VALUES(203,1);
INSERT INTO question_tag VALUES(203,2);
INSERT INTO question_tag VALUES(204,1);
INSERT INTO question_tag VALUES(204,2);
INSERT INTO question_tag VALUES(205,1);
INSERT INTO question_tag VALUES(205,2);
INSERT INTO question_tag VALUES(206,1);
INSERT INTO question_tag VALUES(206,2);
INSERT INTO question_tag VALUES(207,1);
INSERT INTO question_tag VALUES(207,2);
INSERT INTO question_tag VALUES(208,1);
INSERT INTO question_tag VALUES(208,2);
INSERT INTO question_tag VALUES(209,1);
INSERT INTO question_tag VALUES(209,2);
INSERT INTO question_tag VALUES(210,1);
INSERT INTO question_tag VALUES(210,2);
INSERT INTO question_tag VALUES(211,1);
INSERT INTO question_tag VALUES(211,2);
INSERT INTO question_tag VALUES(212,1);
INSERT INTO question_tag VALUES(212,2);
INSERT INTO question_tag VALUES(213,1);
INSERT INTO question_tag VALUES(213,2);
INSERT INTO question_tag VALUES(214,1);
INSERT INTO question_tag VALUES(214,2);
INSERT INTO question_tag VALUES(215,1);
INSERT INTO question_tag VALUES(215,2);
INSERT INTO question_tag VALUES(216,1);
INSERT INTO question_tag VALUES(216,2);
INSERT INTO question_tag VALUES(217,1);
INSERT INTO question_tag VALUES(217,2);
INSERT INTO question_tag VALUES(218,1);
INSERT INTO question_tag VALUES(218,2);
INSERT INTO question_tag VALUES(219,1);
INSERT INTO question_tag VALUES(219,2);
INSERT INTO question_tag VALUES(220,1);
INSERT INTO question_tag VALUES(220,2);
INSERT INTO question_tag VALUES(221,1);
INSERT INTO question_tag VALUES(221,2);
INSERT INTO question_tag VALUES(222,1);
INSERT INTO question_tag VALUES(222,2);
INSERT INTO question_tag VALUES(223,1);
INSERT INTO question_tag VALUES(223,2);
INSERT INTO question_tag VALUES(224,1);
INSERT INTO question_tag VALUES(224,2);
INSERT INTO question_tag VALUES(225,1);
INSERT INTO question_tag VALUES(225,2);
INSERT INTO question_tag VALUES(226,1);
INSERT INTO question_tag VALUES(226,2);
INSERT INTO question_tag VALUES(227,1);
INSERT INTO question_tag VALUES(227,2);
INSERT INTO question_tag VALUES(228,1);
INSERT INTO question_tag VALUES(228,2);
INSERT INTO question_tag VALUES(229,1);
INSERT INTO question_tag VALUES(229,2);
INSERT INTO question_tag VALUES(230,1);
INSERT INTO question_tag VALUES(230,2);
INSERT INTO question_tag VALUES(231,1);
INSERT INTO question_tag VALUES(231,2);
INSERT INTO question_tag VALUES(232,1);
INSERT INTO question_tag VALUES(232,2);
INSERT INTO question_tag VALUES(233,1);
INSERT INTO question_tag VALUES(233,2);
INSERT INTO question_tag VALUES(234,1);
INSERT INTO question_tag VALUES(234,2);
INSERT INTO question_tag VALUES(235,1);
INSERT INTO question_tag VALUES(235,2);
INSERT INTO question_tag VALUES(236,1);
INSERT INTO question_tag VALUES(236,2);
INSERT INTO question_tag VALUES(237,1);
INSERT INTO question_tag VALUES(237,2);
INSERT INTO question_tag VALUES(238,1);
INSERT INTO question_tag VALUES(238,2);
INSERT INTO question_tag VALUES(239,1);
INSERT INTO question_tag VALUES(239,2);
INSERT INTO question_tag VALUES(240,1);
INSERT INTO question_tag VALUES(240,2);
INSERT INTO question_tag VALUES(241,1);
INSERT INTO question_tag VALUES(241,2);
INSERT INTO question_tag VALUES(242,1);
INSERT INTO question_tag VALUES(242,2);
INSERT INTO question_tag VALUES(243,1);
INSERT INTO question_tag VALUES(243,2);
INSERT INTO question_tag VALUES(244,1);
INSERT INTO question_tag VALUES(244,2);
INSERT INTO question_tag VALUES(245,1);
INSERT INTO question_tag VALUES(245,2);
INSERT INTO question_tag VALUES(246,1);
INSERT INTO question_tag VALUES(246,2);
INSERT INTO question_tag VALUES(247,1);
INSERT INTO question_tag VALUES(247,2);
CREATE TABLE question (
       question_id integer primary key not null,
       date_added integer default current_timestamp not null,
       question text not null,
       answer text not null,
       status text default 'A' not null check (status = 'A' or status = 'I'),
       unique(question)
);
INSERT INTO question VALUES(1,'2020-12-16 16:45:21','What is EC2?','Amazon''s virtual compute service.','I');
INSERT INTO question VALUES(2,'2020-12-16 16:46:21','What is RDS?','Amazon''s virtual relational database service.','I');
INSERT INTO question VALUES(3,'2020-12-19 12:19:04','What is Global Accelerator?','Uses Anycast IPs to speed up connections to edge locations. It also has healthchecks and DDoS protection','A');
INSERT INTO question VALUES(4,'2020-12-19 12:20:05','What is Unicast IP vs Anycast IP?','Unicast is normal IP, Anycast is multiple servers have an IP, and user routed to nearest one. It goes through the edge location.','A');
INSERT INTO question VALUES(5,'2020-12-19 12:22:50','What is the difference between Global Accelerator vs CloudFront?','CloudFront content is served at the edge. Accelerator proxies packets, good fit for gaming (UDP etc).','A');
INSERT INTO question VALUES(6,'2020-12-19 13:01:20',replace('Is a new AMI available across all regions?\n','\n',char(10)),replace('No, but it can be copied to other regions and gets a new AMI id.\n','\n',char(10)),'A');
INSERT INTO question VALUES(7,'2020-12-19 13:01:20',replace('What are the three parts to an AMI?\n','\n',char(10)),replace('They are:\n','\n',char(10)),'A');
INSERT INTO question VALUES(8,'2020-12-19 13:01:20',replace('AMIs are public by default. True or False?\n','\n',char(10)),replace('False\n','\n',char(10)),'A');
INSERT INTO question VALUES(9,'2020-12-19 13:01:20',replace('How can AMIs be shared?\n','\n',char(10)),replace('By adding the account number you want to share it with, or copy to another region. When share, you can specify that they can''t just copy it directly to someone else (tho they can spin up an EC2 and make an image from that).\n','\n',char(10)),'A');
INSERT INTO question VALUES(10,'2020-12-19 13:01:20',replace('How do you copy a Billing Product AMI?\n','\n',char(10)),replace('EXAM TIP: You can''t if it''s a billing product. In that case you''d have to spin up an EC2 instance and snapshot that, and turn that into an AMI.\n','\n',char(10)),'A');
INSERT INTO question VALUES(11,'2020-12-19 13:01:20',replace('How do you get rid of ssh keys for added security when creating an AMI?\n','\n',char(10)),replace('Use the shred command\n','\n',char(10)),'A');
INSERT INTO question VALUES(12,'2020-12-19 13:01:20',replace('How do you get rid of the bash history for added security when creating an AMI?\n','\n',char(10)),replace('history -c\n','\n',char(10)),'A');
INSERT INTO question VALUES(13,'2020-12-19 13:01:20',replace('What is the difference between INSTANCE STORE (EPHEMERAL STORAGE) and EBS store when starting AMIs?\n','\n',char(10)),replace('You can''t stop an instance store. You can''t therefore move an instance store. Instance store can''t be detached. This is at the AMI level. Both can be rebooted. EBS storage can be marked as kept on restart.\n','\n',char(10)),'A');
INSERT INTO question VALUES(14,'2020-12-19 13:01:20',replace('By default, EBS store instances do not delete on termination. True or False?\n','\n',char(10)),replace('False. They are deleted, but you can stop this.\n','\n',char(10)),'A');
INSERT INTO question VALUES(15,'2020-12-19 13:01:20',replace('What does copying an AMI not copy?\n','\n',char(10)),replace('Tags, launch permissions, bucket permissions\n','\n',char(10)),'A');
INSERT INTO question VALUES(16,'2020-12-19 16:15:03',replace('What is API Gateway?\n','\n',char(10)),replace('Allows you create a REST interface for your applications. Load Balancer on steriods. Can link up to Lambda function, or ALB, or HTTP endpoint. Like Kong. Can link to SQS, Step function, or any AWS service.\n','\n',char(10)),'A');
INSERT INTO question VALUES(17,'2020-12-19 16:15:03',replace('What are the 3 endpoint types?\n','\n',char(10)),replace('Edge-optimized (default) - through CloudFront. Regional (for clients in same region). Private, from within VPC using VPC endpoint (ENI).\n','\n',char(10)),'A');
INSERT INTO question VALUES(18,'2020-12-19 16:15:03',replace('What is API Gateway''s method of IAM checking?\n','\n',char(10)),replace('SIGV4 header is passed in, and has all the IAM information, which is checked vs IAM before going to the backend application.\n','\n',char(10)),'A');
INSERT INTO question VALUES(19,'2020-12-19 16:15:03',replace('What are Lambda authorizers (aka custom authorizers)\n','\n',char(10)),replace('Validates token in header. Option to cache result. Lambda must return IAM policy. Helpful for 3rd party auth systems.\n','\n',char(10)),'A');
INSERT INTO question VALUES(20,'2020-12-19 16:15:03',replace('What does Cognito do with API Gateway?\n','\n',char(10)),replace('It does authentication, not authorization. Backend application must do authorization (unlike IAM, which does authorization).\n','\n',char(10)),'A');
INSERT INTO question VALUES(21,'2020-12-19 16:15:03',replace('What is appstream?\n','\n',char(10)),replace('Streams windows applications to client.\n','\n',char(10)),'A');
INSERT INTO question VALUES(22,'2020-12-19 16:15:03',replace('What are the four architecture framework pillars?\n','\n',char(10)),replace('Security PerformanceEfficiency Cost Optimization Reliability (COPERS)\n','\n',char(10)),'A');
INSERT INTO question VALUES(23,'2020-12-19 16:15:03',replace('What is Athena?\n','\n',char(10)),replace('SQL on S3 buckets\n','\n',char(10)),'A');
INSERT INTO question VALUES(24,'2020-12-19 16:15:03',replace('What is the scaling increment for Aurora?\n','\n',char(10)),replace('10Gb\n','\n',char(10)),'A');
INSERT INTO question VALUES(25,'2020-12-19 16:15:03',replace('What is the max size for Aurora? (disk, cpu, mem)\n','\n',char(10)),replace('64Tb, 32CPUs, 244G memory\n','\n',char(10)),'A');
INSERT INTO question VALUES(26,'2020-12-19 16:15:03',replace('How many copies of the data exist?\n','\n',char(10)),replace('6 (2 * 3AZs)\n','\n',char(10)),'A');
INSERT INTO question VALUES(27,'2020-12-19 16:15:03',replace('How many copies can be lost without affected writes?\n','\n',char(10)),replace('2\n','\n',char(10)),'A');
INSERT INTO question VALUES(28,'2020-12-19 16:15:03',replace('How many copies can be lost without affected reads?\n','\n',char(10)),replace('3\n','\n',char(10)),'A');
INSERT INTO question VALUES(29,'2020-12-19 16:15:03',replace('How many Aurora read replicas can you have?\n','\n',char(10)),replace('15\n','\n',char(10)),'A');
INSERT INTO question VALUES(30,'2020-12-19 16:15:03',replace('How many MySQL Read Replicas can you have? (MySQL ones do not auto-failover)\n','\n',char(10)),replace('5\n','\n',char(10)),'A');
INSERT INTO question VALUES(31,'2020-12-19 16:15:03',replace('What a tier-1 in Aurora\n','\n',char(10)),replace('The second-highest tier for failover. tier-0 is the highest.\n','\n',char(10)),'A');
INSERT INTO question VALUES(32,'2020-12-19 16:15:03',replace('What is an Aurora replica for?\n','\n',char(10)),replace('For failover in the event of AZ failure. Copies of the data do not cover instances!\n','\n',char(10)),'A');
INSERT INTO question VALUES(33,'2020-12-19 16:15:03',replace('Is Aurora more expensive?\n','\n',char(10)),replace('Yes and no. The ticket price is 20% higher but it is more efficient.\n','\n',char(10)),'A');
INSERT INTO question VALUES(34,'2020-12-19 16:15:03',replace('Does Aurora support Cross Region Replication?\n','\n',char(10)),replace('Yes\n','\n',char(10)),'A');
INSERT INTO question VALUES(35,'2020-12-19 16:15:03',replace('Which RDS product offers zero downtime patching?\n','\n',char(10)),replace('Aurora\n','\n',char(10)),'A');
INSERT INTO question VALUES(36,'2020-12-19 16:15:03',replace('Which RDS product offers return to specific time point?\n','\n',char(10)),replace('Aurora\n','\n',char(10)),'A');
INSERT INTO question VALUES(37,'2020-12-19 16:15:03',replace('What is Aurora Serverless?\n','\n',char(10)),replace('Auto-scaling database. No capacity planning required. Pay per second.\n','\n',char(10)),'A');
INSERT INTO question VALUES(38,'2020-12-19 16:15:03',replace('What is Global Aurora?\n','\n',char(10)),replace('Like Spanner, a global database - can have 6 Regions (1 primary, 5 secondary), with max 1-second lag for replication. 16 Read Replicas per secondary region. Recovery time objective for secondary region is 1 minute.\n','\n',char(10)),'A');
INSERT INTO question VALUES(39,'2020-12-19 16:15:03',replace('What is a Launch Configuration / Template?\n','\n',char(10)),replace('It''s the configuration for spinning up an EC2 instance. It''s the older version of launch templates.\n','\n',char(10)),'A');
INSERT INTO question VALUES(40,'2020-12-19 16:15:03',replace('What is better about Launch Templates?\n','\n',char(10)),replace('Can mix instance types, and version and other benefits. Generally prefer templates over launch config.\n','\n',char(10)),'A');
INSERT INTO question VALUES(41,'2020-12-19 16:15:03',replace('What''s different about an ASG launch template to a configuration?\n','\n',char(10)),replace('A template allows you to use a spot fleet of instances. Configurations allow you specify only one instance type.\n','\n',char(10)),'A');
INSERT INTO question VALUES(42,'2020-12-19 16:15:03',replace('Can autoscaling groups span subnets?\n','\n',char(10)),replace('Yes, it''s kinda the point.\n','\n',char(10)),'A');
INSERT INTO question VALUES(43,'2020-12-19 16:15:03',replace('What''s a health check grace period?\n','\n',char(10)),replace('It''s the time it gives EC2 to be brought up.\n','\n',char(10)),'A');
INSERT INTO question VALUES(44,'2020-12-19 16:15:03',replace('What can you auto scale based on?\n','\n',char(10)),replace('CPU, Network, Disk and Status (?)\n','\n',char(10)),'A');
INSERT INTO question VALUES(45,'2020-12-19 16:15:03',replace('How is auto-scaling triggered? Which service?\n','\n',char(10)),replace('CloudWatch alarms. Or you can schedule.\n','\n',char(10)),'A');
INSERT INTO question VALUES(46,'2020-12-19 16:15:03',replace('Auto-scaling groups policies - what is target tracking scaling?\n','\n',char(10)),replace('Target eg 40% CPU\n','\n',char(10)),'A');
INSERT INTO question VALUES(47,'2020-12-19 16:15:03',replace('Auto-scaling groups policies - what is simple/step scaling?\n','\n',char(10)),replace('Triggered on CloudWatch alarm. More control over instances added in this policy. eg >70%CPU add 2, <30% remove 1\n','\n',char(10)),'A');
INSERT INTO question VALUES(48,'2020-12-19 16:15:03',replace('Auto-scaling groups policies - what is scheduled pattern?\n','\n',char(10)),replace('Time-based asg\n','\n',char(10)),'A');
INSERT INTO question VALUES(49,'2020-12-19 16:15:03',replace('Auto-scaling groups - what is a scaling cooldown period?\n','\n',char(10)),replace('Time taken to add or remove next instance so there isn''t a too-fast change of numbers of instances.\n','\n',char(10)),'A');
INSERT INTO question VALUES(50,'2020-12-19 16:15:03',replace('What is the default termination policy for auto scaling groups?\n','\n',char(10)),replace('AZ with most instances, then instance with oldest launch config/template\n','\n',char(10)),'A');
INSERT INTO question VALUES(51,'2020-12-19 16:15:03',replace('What is an ASG Lifecycle hook?\n','\n',char(10)),replace('Opportunity for you to put extra steps before and after the instance goes into or out of service.\n','\n',char(10)),'A');
INSERT INTO question VALUES(52,'2020-12-19 16:15:03',replace('What is a Paying Account\n','\n',char(10)),replace('Singly-billed account with no access to linked accounts\n','\n',char(10)),'A');
INSERT INTO question VALUES(53,'2020-12-19 16:15:03',replace('What is the limit for the number of accounts?\n','\n',char(10)),replace('20, but can be lifted by contacting Amazon\n','\n',char(10)),'A');
INSERT INTO question VALUES(54,'2020-12-19 16:15:03',replace('What are the advantages of consolidated billing?\n','\n',char(10)),replace('Cost tracking per account, and volume pricing discounts\n','\n',char(10)),'A');
INSERT INTO question VALUES(55,'2020-12-19 16:15:03',replace('What is Cloud Formation\n','\n',char(10)),replace('Templating of AWS builds. It''s free.\n','\n',char(10)),'A');
INSERT INTO question VALUES(56,'2020-12-19 16:15:03',replace('How much does CloudFormation cost?\n','\n',char(10)),replace('Nothing, but resources used costs\n','\n',char(10)),'A');
INSERT INTO question VALUES(57,'2020-12-19 16:15:03',replace('What is Fn::GetAtt?\n','\n',char(10)),replace('The programmatic way of getting output from CloudFormation\n','\n',char(10)),'A');
INSERT INTO question VALUES(58,'2020-12-19 16:15:03',replace('Is rollback in CloudFormation enabled by default?\n','\n',char(10)),replace('Yes\n','\n',char(10)),'A');
INSERT INTO question VALUES(59,'2020-12-19 16:15:03',replace('What is a stack set?\n','\n',char(10)),replace('Multiple cloud formation stacks that can run across accounts and regions\n','\n',char(10)),'A');
INSERT INTO question VALUES(60,'2020-12-19 16:15:03',replace('What is an AWS Cloudformation set of resources called?\n','\n',char(10)),replace('A stack\n','\n',char(10)),'A');
INSERT INTO question VALUES(61,'2020-12-19 16:15:03',replace('What is CloudFront\n','\n',char(10)),replace('The Amazon CDN. Sits on edge networks\n','\n',char(10)),'A');
INSERT INTO question VALUES(62,'2020-12-19 16:15:03',replace('Is an Edge Location the same as an AZ?\n','\n',char(10)),replace('No\n','\n',char(10)),'A');
INSERT INTO question VALUES(63,'2020-12-19 16:15:03',replace('What can the Origin be in CloudFront?\n','\n',char(10)),replace('S3 bucket/website, EC2 instance, ALB, Route53\n','\n',char(10)),'A');
INSERT INTO question VALUES(64,'2020-12-19 16:15:03',replace('What is a Distribution? What different ones are there?\n','\n',char(10)),replace('A CloudFront instance Web Distribution - web services RTMP - Media Streaming (Real Time Media for Flash)\n','\n',char(10)),'A');
INSERT INTO question VALUES(65,'2020-12-19 16:15:03',replace('Can CloudFront do dynamic content? Read write?\n','\n',char(10)),replace('Yes, yes\n','\n',char(10)),'A');
INSERT INTO question VALUES(66,'2020-12-19 16:15:03',replace('Is CloudFront Origin Amazon-only?\n','\n',char(10)),replace('No\n','\n',char(10)),'A');
INSERT INTO question VALUES(67,'2020-12-19 16:15:03',replace('Can you clear/invalidate cache objects?\n','\n',char(10)),replace('Yes, but you are charged.\n','\n',char(10)),'A');
INSERT INTO question VALUES(68,'2020-12-19 16:15:03',replace('What is the cache time?\n','\n',char(10)),replace('the TTL time\n','\n',char(10)),'A');
INSERT INTO question VALUES(69,'2020-12-19 16:15:03',replace('What does restrict bucket access do?\n','\n',char(10)),replace('Stop direct access from the web to the bucket files\n','\n',char(10)),'A');
INSERT INTO question VALUES(70,'2020-12-19 16:15:03',replace('Can you push files to CloudFront?\n','\n',char(10)),replace('Yes, by enabling the PUT header\n','\n',char(10)),'A');
INSERT INTO question VALUES(71,'2020-12-19 16:15:03',replace('What is the default TTL/cache time for CloudFront?\n','\n',char(10)),replace('24 hours\n','\n',char(10)),'A');
INSERT INTO question VALUES(72,'2020-12-19 16:15:03',replace('What does Restrict Viewer Access do in CloudFront?\n','\n',char(10)),replace('Limits users to signed requests and signed cookies.\n','\n',char(10)),'A');
INSERT INTO question VALUES(73,'2020-12-19 16:15:03',replace('What''s the difference between a signed URL and signed cookie?\n','\n',char(10)),replace('Signed URL works for a file, while cookie works for a set of files\n','\n',char(10)),'A');
INSERT INTO question VALUES(74,'2020-12-19 16:15:03',replace('What''s a Behaviour in CloudFront?\n','\n',char(10)),replace('Define the action a path regexp can do, eg get all php files from this bucket, pdfs from that bucket\n','\n',char(10)),'A');
INSERT INTO question VALUES(75,'2020-12-19 16:15:03',replace('What is the max single file CF can deliver?\n','\n',char(10)),replace('20Gb\n','\n',char(10)),'A');
INSERT INTO question VALUES(76,'2020-12-19 16:15:03',replace('What are the max usage limits (RPS and bandwidth)\n','\n',char(10)),replace('10Gb/s 150000 RPS\n','\n',char(10)),'A');
INSERT INTO question VALUES(77,'2020-12-19 16:15:03',replace('What is CloudFront OAI?\n','\n',char(10)),replace('Extra security - Origin Access Identity, gives access to an S3 bucket to a cloudfront distribution\n','\n',char(10)),'A');
INSERT INTO question VALUES(78,'2020-12-19 16:15:03',replace('What must an EC2/ALB instance be if CloudFront has it as an Origin?\n','\n',char(10)),replace('Public\n','\n',char(10)),'A');
INSERT INTO question VALUES(79,'2020-12-19 16:15:03',replace('Is AWS CloudTrail enabled by default?\n','\n',char(10)),replace('Yes (90 days?)\n','\n',char(10)),'A');
INSERT INTO question VALUES(80,'2020-12-19 16:15:03',replace('If something is deleted in AWS, what can you do?\n','\n',char(10)),replace('Look at CloudTrail\n','\n',char(10)),'A');
INSERT INTO question VALUES(81,'2020-12-19 16:15:03',replace('What is detailed CloudWatch monitoring?\n','\n',char(10)),replace('Checks every minute instead of 5 minutes. Linked to ASG\n','\n',char(10)),'A');
INSERT INTO question VALUES(82,'2020-12-19 16:15:03',replace('What are the four classes of metric for CloudWatch?\n','\n',char(10)),replace('CPU, Disk, Network and Status. NO MEMORY!\n','\n',char(10)),'A');
INSERT INTO question VALUES(83,'2020-12-19 16:15:03',replace('What is a CloudWatch Dimension?\n','\n',char(10)),replace('Attribute of a metric, eg instance id, environment. Up to 10 per metric\n','\n',char(10)),'A');
INSERT INTO question VALUES(84,'2020-12-19 16:15:03',replace('How often can a High Resolution Metric trigger an alarm?\n','\n',char(10)),replace('10 seconds\n','\n',char(10)),'A');
INSERT INTO question VALUES(85,'2020-12-19 16:15:03',replace('What''s the minimum/maximum granularity for _custom_ metrics?\n','\n',char(10)),replace('1 minute/1 second. PutMetricsData\n','\n',char(10)),'A');
INSERT INTO question VALUES(86,'2020-12-19 16:15:03',replace('What is the pricing for Dashboards?\n','\n',char(10)),replace('Three dashboards up to 50 metrics for free. 3$ per dashboard\n','\n',char(10)),'A');
INSERT INTO question VALUES(87,'2020-12-19 16:15:03',replace('Are dashboards per-region, or global?\n','\n',char(10)),replace('Global. Metrics are per-region, dashboards are global.\n','\n',char(10)),'A');
INSERT INTO question VALUES(88,'2020-12-19 16:15:03',replace('What is the CloudWatch Unified Agent?\n','\n',char(10)),replace('Log agent that allows you to collect very detailed metrics from EC2.\n','\n',char(10)),'A');
INSERT INTO question VALUES(89,'2020-12-19 16:15:03',replace('What is EC2 Instance Recovery?\n','\n',char(10)),replace('Cloudwatch Alarm which checks for status of instance and triggers an action to recover the instance (same EBS volumes, public IP, private IP, Elastic IP, metadata and placement group)\n','\n',char(10)),'A');
INSERT INTO question VALUES(90,'2020-12-19 16:15:03',replace('What are AWS CloudWatch Events?\n','\n',char(10)),replace('Scheduled or ''event patttern'' that can trigger alarms/events to trigger other services, eg SQS/SNS/Kinesis Messages\n','\n',char(10)),'A');
INSERT INTO question VALUES(91,'2020-12-19 16:15:03',replace('What is a log group vs log stream?\n','\n',char(10)),replace('An arbitrary grouping of logs. A log stream is a specific log from eg application/container\n','\n',char(10)),'A');
INSERT INTO question VALUES(92,'2020-12-19 16:15:03',replace('What logging tools does Amazon provide?\n','\n',char(10)),replace('CloudTrail, CloudWatch\n','\n',char(10)),'A');
INSERT INTO question VALUES(93,'2020-12-19 16:15:03',replace('CloudWatch stores logs up to the syslog level. True/False?\n','\n',char(10)),replace('False - it can go up to application level too.\n','\n',char(10)),'A');
INSERT INTO question VALUES(94,'2020-12-19 16:15:03',replace('How long are cloudwatch metrics stored?\n','\n',char(10)),replace('2 weeks\n','\n',char(10)),'A');
INSERT INTO question VALUES(95,'2020-12-19 16:15:03',replace('You can get cloudwatch metrics after termination. True or False?\n','\n',char(10)),replace('True\n','\n',char(10)),'A');
INSERT INTO question VALUES(96,'2020-12-19 16:15:03',replace('How do you get metrics older than 2 weeks? API call\n','\n',char(10)),replace('GetMetricStatistics\n','\n',char(10)),'A');
INSERT INTO question VALUES(97,'2020-12-19 16:15:03',replace('What''s the default granularity for _default_ metrics?\n','\n',char(10)),replace('5 minutes (max is 1 minute)\n','\n',char(10)),'A');
INSERT INTO question VALUES(98,'2020-12-19 16:15:03',replace('What services can you get metrics on?\n','\n',char(10)),replace('DynamoDB, EBS, EC2, ELB, RDS, SNS\n','\n',char(10)),'A');
INSERT INTO question VALUES(99,'2020-12-19 16:15:03',replace('What are examples of CloudWatch metrics?\n','\n',char(10)),replace('HealthyHostCound, UnhealthyHostCount, RequestCount, Latency, HTTPCode_ELB_4/5xx,\n','\n',char(10)),'A');
INSERT INTO question VALUES(100,'2020-12-19 16:15:03',replace('What is the latency metric?\n','\n',char(10)),replace('Time taken for request to be returned\n','\n',char(10)),'A');
INSERT INTO question VALUES(101,'2020-12-19 16:15:03',replace('How do you pre-warm the ELBs by getting ELB expanded before an event (eg load testing)?\n','\n',char(10)),replace('Email to Amazon support\n','\n',char(10)),'A');
INSERT INTO question VALUES(102,'2020-12-19 16:15:03',replace('What does mon-disable-alarm-actions do on the CLI?\n','\n',char(10)),replace('Disables CloudWatch alarms\n','\n',char(10)),'A');
INSERT INTO question VALUES(103,'2020-12-19 16:15:03',replace('What is Cognito\n','\n',char(10)),replace('Store mobile user data in AWS. Credential creator for device-specific sessions.\n','\n',char(10)),'A');
INSERT INTO question VALUES(104,'2020-12-19 16:15:03',replace('What are Cognito User Pools?\n','\n',char(10)),replace('Database of users for mobile apps. Can add MFA, or federated identities with Facebook or Google\n','\n',char(10)),'A');
INSERT INTO question VALUES(105,'2020-12-19 16:15:03',replace('What is Cognito Federate Identity?\n','\n',char(10)),replace('External identity provider == IAM user eg Google Facebook\n','\n',char(10)),'A');
INSERT INTO question VALUES(106,'2020-12-19 16:15:03',replace('What is Cognito Sync?\n','\n',char(10)),replace('Requires federated id pool (not user pool). Replaced by App Sync\n','\n',char(10)),'A');
INSERT INTO question VALUES(107,'2020-12-19 16:15:03',replace('What is the difference between AWS Config, AWS Trusted Advisor, and AWS Inspector?\n','\n',char(10)),replace('Inspector - SECURITY; Advisor - COST; Config - Audit trail on configuration/COMPLIANCE\n','\n',char(10)),'A');
INSERT INTO question VALUES(108,'2020-12-19 16:15:03',replace('What is AWS Config\n','\n',char(10)),replace('Provides config history, resource inventory, config change notifications, ie account activity.\n','\n',char(10)),'A');
INSERT INTO question VALUES(109,'2020-12-19 16:15:03',replace('What are AWS Config Rules\n','\n',char(10)),replace('Rules that enforce policy when things are provisioned, periodically or on change\n','\n',char(10)),'A');
INSERT INTO question VALUES(110,'2020-12-19 16:15:03',replace('What do you use to create custom rules (as opposed to AWS-managed)?\n','\n',char(10)),replace('Lambda\n','\n',char(10)),'A');
INSERT INTO question VALUES(111,'2020-12-19 16:15:03',replace('What is auto-remediation in Config?\n','\n',char(10)),replace('Reactive controls eg you can stop instances without tags\n','\n',char(10)),'A');
INSERT INTO question VALUES(112,'2020-12-19 16:15:03',replace('What is AWS Config cost?\n','\n',char(10)),replace('2$ per rule per region per month\n','\n',char(10)),'A');
INSERT INTO question VALUES(113,'2020-12-19 16:15:03',replace('How do you get CORS to work for s3?\n','\n',char(10)),replace('Permissions - add cors.xml to the form\n','\n',char(10)),'A');
INSERT INTO question VALUES(114,'2020-12-19 16:15:03',replace('What is the difference between ephemeral vs transient vs persistent\n','\n',char(10)),replace('Ephemeral - local to resource and lost when powered off, EC2 instance store, Elasticache; Transient - Exists for a short time while passed between resources, eg queue; Persistent - durable and survives, eg EBS, EFS\n','\n',char(10)),'A');
INSERT INTO question VALUES(115,'2020-12-19 16:15:03',replace('What is Data Pipeline?\n','\n',char(10)),replace('Data workflow orchestration service\n','\n',char(10)),'A');
INSERT INTO question VALUES(116,'2020-12-19 16:15:03',replace('What is Amazon Aurora\n','\n',char(10)),replace('MySQL compatible DB engine\n','\n',char(10)),'A');
INSERT INTO question VALUES(117,'2020-12-19 16:15:03',replace('What DBs does RDS support?\n','\n',char(10)),replace('MySQL, Postgres, Oracle, SQLServer, Aurora - ''Relational Database Support ;-)''\n','\n',char(10)),'A');
INSERT INTO question VALUES(118,'2020-12-19 16:15:03',replace('What is Amazon Elasticache?\n','\n',char(10)),replace('In-memory cache\n','\n',char(10)),'A');
INSERT INTO question VALUES(119,'2020-12-19 16:15:03',replace('Which products does Elasticache support?\n','\n',char(10)),replace('Memcached or Redis\n','\n',char(10)),'A');
INSERT INTO question VALUES(120,'2020-12-19 16:15:03',replace('What is Amazon RedShift?\n','\n',char(10)),replace('Amazon''s Data Warehouse platform\n','\n',char(10)),'A');
INSERT INTO question VALUES(121,'2020-12-19 16:15:03',replace('What is Direct Connect?\n','\n',char(10)),replace('A service allowing you to connect to Amazon as though it were from the same DC as your own.  Uses VPNs. Direct line.\n','\n',char(10)),'A');
INSERT INTO question VALUES(122,'2020-12-19 16:15:03',replace('What is the difference between VPNs and DC?\n','\n',char(10)),replace('Uses dedicated private network connection provided by a TelCo to connect you to AWS over non-internet VPNs are quicker to set up!\n','\n',char(10)),'A');
INSERT INTO question VALUES(123,'2020-12-19 16:15:04',replace('What connections are available?\n','\n',char(10)),replace('10Gbps, 1Gbps, <1Gbps can be bought through AWS\n','\n',char(10)),'A');
INSERT INTO question VALUES(124,'2020-12-19 16:15:04',replace('What is Directory Services?\n','\n',char(10)),replace('AD connector service\n','\n',char(10)),'A');
INSERT INTO question VALUES(125,'2020-12-19 16:15:04',replace('What is Managed Microsoft AD?\n','\n',char(10)),replace('AWS Manages an AD. MFA. Trust with on-premise AD.\n','\n',char(10)),'A');
INSERT INTO question VALUES(126,'2020-12-19 16:15:04',replace('What is AD Connector?\n','\n',char(10)),replace('Proxy to connect to on-premise AD server\n','\n',char(10)),'A');
INSERT INTO question VALUES(127,'2020-12-19 16:15:04',replace('Simple AD\n','\n',char(10)),replace('AD-compatible system (but not interoperable with MS AD on premise)\n','\n',char(10)),'A');
INSERT INTO question VALUES(128,'2020-12-19 16:15:04',replace('What is a pilot light environment?\n','\n',char(10)),replace('A minimal DR environment, pre-defined AMIs ready to deploy\n','\n',char(10)),'A');
INSERT INTO question VALUES(129,'2020-12-19 16:15:04',replace('Why do you need MAC addresses and pre-assigned IP addresses pre-assigned for in Pilot Light AMIs?\n','\n',char(10)),replace('License requirements\n','\n',char(10)),'A');
INSERT INTO question VALUES(130,'2020-12-19 16:15:04',replace('What is a warm standy environment and how is different from pilot light?\n','\n',char(10)),replace('A fully functional environment running on a different region\n','\n',char(10)),'A');
INSERT INTO question VALUES(131,'2020-12-19 16:15:04',replace('What is a multisite environment?\n','\n',char(10)),replace('AWS + onsite.\n','\n',char(10)),'A');
INSERT INTO question VALUES(132,'2020-12-19 16:15:04',replace('What are the key services used in a warm standby environment?\n','\n',char(10)),replace('Route53 (to point to the standby), ELB with autoscaling to be able to scale the services\n','\n',char(10)),'A');
INSERT INTO question VALUES(133,'2020-12-19 16:15:04',replace('What is RTO vs RPO?\n','\n',char(10)),replace('Recovery Time Objective is the time to recovery of services. Recovery Point Objective is to do with data loss - can you lose an hour of data? A day?\n','\n',char(10)),'A');
INSERT INTO question VALUES(134,'2020-12-19 16:15:04',replace('What is Amazon DynamoDB?\n','\n',char(10)),replace('NoSQL DB. Auto-partitions. Elastically scales if you want. Encryption at rest (KMS), encryption in SSL. Global tables. Can migrate from MOngo, Oracle, MySQL etc\n','\n',char(10)),'A');
INSERT INTO question VALUES(135,'2020-12-19 16:15:04',replace('What is the default consistency model?\n','\n',char(10)),replace('''Eventual consistent read'', consistency usually reached within a second\n','\n',char(10)),'A');
INSERT INTO question VALUES(136,'2020-12-19 16:15:04',replace('What is the maximum size of a DynamoDB item?\n','\n',char(10)),replace('400Kb\n','\n',char(10)),'A');
INSERT INTO question VALUES(137,'2020-12-19 16:15:04',replace('What are the two types of primary key?\n','\n',char(10)),replace('Partition key (hash key) composed of one attribute,which is a unique ID. Composite key - two attributes. Partition key and sort (range) key. Sorted in order under the partition key.\n','\n',char(10)),'A');
INSERT INTO question VALUES(138,'2020-12-19 16:15:04',replace('What is the RCU (read capacity unit)?\n','\n',char(10)),replace('Increments of 4KB (pages) per read.  Eventually consistent - 2 reads/second.  Strongly consistent   - 1 read/second\n','\n',char(10)),'A');
INSERT INTO question VALUES(139,'2020-12-19 16:15:04',replace('What is the WCU (write capacity unit)?\n','\n',char(10)),replace('Increments of 1KB. 1 write per second\n','\n',char(10)),'A');
INSERT INTO question VALUES(140,'2020-12-19 16:15:04',replace('What happens if you exceed the throughput?\n','\n',char(10)),replace('400 ProvisionedThroughputExceededException\n','\n',char(10)),'A');
INSERT INTO question VALUES(141,'2020-12-19 16:15:04',replace('What is DAX?\n','\n',char(10)),replace('DynamoDB Accelerator - caches reads and queries. 5 minutes TTL by default. Multi-AZ (3 nodes minimum). Secure. Up to 10 nodes.\n','\n',char(10)),'A');
INSERT INTO question VALUES(142,'2020-12-19 16:15:04',replace('What are Dynamo db streams?\n','\n',char(10)),replace('Changelog stream that can be passed to other services eg Lambda. Can do cross-region replication. 24 hours retention.\n','\n',char(10)),'A');
INSERT INTO question VALUES(143,'2020-12-19 16:15:04',replace('What are global tables for DynamoDB?\n','\n',char(10)),replace('Cross-region replcation. Active-active\n','\n',char(10)),'A');
INSERT INTO question VALUES(144,'2020-12-19 16:15:04',replace('Dynamo db streams are stored for how long?\n','\n',char(10)),replace('24 hours\n','\n',char(10)),'A');
INSERT INTO question VALUES(145,'2020-12-19 16:15:04',replace('What can dynamo db streams TRIGGER?\n','\n',char(10)),replace('Lambda functions\n','\n',char(10)),'A');
INSERT INTO question VALUES(146,'2020-12-19 16:15:04',replace('DynamoDB can be transactional. T/F?\n','\n',char(10)),replace('Yes. New in 2018.\n','\n',char(10)),'A');
INSERT INTO question VALUES(147,'2020-12-19 16:15:04',replace('What is DynamoDB On Demand?\n','\n',char(10)),replace('Auto scaling, 2.5x more expensive than provisioned capacity.\n','\n',char(10)),'A');
INSERT INTO question VALUES(148,'2020-12-19 16:15:04',replace('What is the non-default consistency model?\n','\n',char(10)),replace('Strongly consistent (wait up to a second)\n','\n',char(10)),'A');
INSERT INTO question VALUES(149,'2020-12-19 16:15:04',replace('What are the three DynamoDB concepts?\n','\n',char(10)),replace('Tables, Items (Rows), Attributes (fields). Attributes can be nested, can exist in one item and not another.\n','\n',char(10)),'A');
INSERT INTO question VALUES(150,'2020-12-19 16:15:04',replace('How many levels of nesting are possible?\n','\n',char(10)),replace('35\n','\n',char(10)),'A');
INSERT INTO question VALUES(151,'2020-12-19 16:15:04',replace('How is DynamoDB priced?\n','\n',char(10)),replace('Write throughput and read throughput. First 25G is free, then charged per gig per month.\n','\n',char(10)),'A');
INSERT INTO question VALUES(152,'2020-12-19 16:15:04',replace('Can you nest a partition key?\n','\n',char(10)),replace('No.\n','\n',char(10)),'A');
INSERT INTO question VALUES(153,'2020-12-19 16:15:04',replace('What are the two different types of indexes?\n','\n',char(10)),replace('Local secondary index - same partition key as table, different sort key.  Global secondary index - different partition key, different sort key, uniqueness not required\n','\n',char(10)),'A');
INSERT INTO question VALUES(154,'2020-12-19 16:15:04',replace('When can a local secondary index be created?\n','\n',char(10)),replace('On creation only\n','\n',char(10)),'A');
INSERT INTO question VALUES(155,'2020-12-19 16:15:04',replace('When can a global secondary index be created?\n','\n',char(10)),replace('Any time\n','\n',char(10)),'A');
INSERT INTO question VALUES(156,'2020-12-19 16:15:04',replace('How many local and secondary indexes can you have per table?\n','\n',char(10)),replace('5 (so 10 in total)\n','\n',char(10)),'A');
INSERT INTO question VALUES(157,'2020-12-19 16:15:04',replace('What is a dynamodb stream?\n','\n',char(10)),replace('Logical log, basically - full change on insertion/deletion, and changes\n','\n',char(10)),'A');
INSERT INTO question VALUES(158,'2020-12-19 16:15:04',replace('What can you export a table/item to?\n','\n',char(10)),replace('csv\n','\n',char(10)),'A');
INSERT INTO question VALUES(159,'2020-12-19 16:15:04',replace('Can you change read/write capacity? What will happen?\n','\n',char(10)),replace('Yes, and it will scale to a min/max if you do not use the On Demand option.\n','\n',char(10)),'A');
INSERT INTO question VALUES(160,'2020-12-19 16:15:04',replace('What is the difference between a dynamodb scan and a query?\n','\n',char(10)),replace('Query looks for primary key, can also provide a sort key attribute names.  Scan returns all data\n','\n',char(10)),'A');
INSERT INTO question VALUES(161,'2020-12-19 16:15:04',replace('What is the ProjectionExpression parameter?\n','\n',char(10)),replace('Query only returns the attributes selected\n','\n',char(10)),'A');
INSERT INTO question VALUES(162,'2020-12-19 16:15:04',replace('What is the default sort order for sort keys? ascending or descending? Which parameter controls this?\n','\n',char(10)),replace('Ascii ascending (a-z). ScanIndexForward controls this.\n','\n',char(10)),'A');
INSERT INTO question VALUES(163,'2020-12-19 16:15:04',replace('What is the BatchGetItem API?\n','\n',char(10)),replace('BatchGet puts a limit on what''s returned, but can cross tables.\n','\n',char(10)),'A');
INSERT INTO question VALUES(164,'2020-12-19 16:15:04',replace('What is max number of items for BatchGetItem? Data?\n','\n',char(10)),replace('100 items. 1M\n','\n',char(10)),'A');
INSERT INTO question VALUES(165,'2020-12-19 16:15:04',replace('App needs 10 reads of 1Kb per second with eventual consistency. What is the read throughput? (Developer exam)\n','\n',char(10)),replace('10 reads per second - 1kb<4kb so 10 reads per second, eventually consistent so we can do 2 reads per second, so 5.\n','\n',char(10)),'A');
INSERT INTO question VALUES(166,'2020-12-19 16:15:04',replace('App needs 101 writes of 10Kb per second. What is the write throughput?\n','\n',char(10)),replace('1010\n','\n',char(10)),'A');
INSERT INTO question VALUES(167,'2020-12-19 16:15:04',replace('What is a conditional write for?\n','\n',char(10)),replace('To prevent issues with two apps writing at the same time and ensure update is processed correctly.\n','\n',char(10)),'A');
INSERT INTO question VALUES(168,'2020-12-19 16:15:04',replace('What''s an atomic counter?\n','\n',char(10)),replace('Increment for an item. Could be processed twice if there was a network failure.\n','\n',char(10)),'A');
INSERT INTO question VALUES(169,'2020-12-19 16:15:04',replace('Are write requests processed in order?\n','\n',char(10)),replace('Yes.\n','\n',char(10)),'A');
INSERT INTO question VALUES(170,'2020-12-19 16:15:04',replace('How many DATA CENTRES is DynamoDB stored over?\n','\n',char(10)),replace('3\n','\n',char(10)),'A');
INSERT INTO question VALUES(171,'2020-12-19 16:15:04',replace('Is it BatchGetItem or BatchGetItems?\n','\n',char(10)),replace('Item\n','\n',char(10)),'A');
INSERT INTO question VALUES(172,'2020-12-19 16:15:04',replace('What items do you need to contact support to change limits on?\n','\n',char(10)),replace('Tables provisioned throughput minima and maxima\n','\n',char(10)),'A');
INSERT INTO question VALUES(173,'2020-12-19 16:15:04',replace('What is a range index?\n','\n',char(10)),replace('A sort key\n','\n',char(10)),'A');
INSERT INTO question VALUES(174,'2020-12-19 16:15:04',replace('Can EBS volumes be attached to EC2 instances dynamically?\n','\n',char(10)),replace('yes\n','\n',char(10)),'A');
INSERT INTO question VALUES(175,'2020-12-19 16:15:04',replace('What happens by default to the EBS volume when an EBS-backed EC2 instance is terminated?\n','\n',char(10)),replace('It is deleted.\n','\n',char(10)),'A');
INSERT INTO question VALUES(176,'2020-12-19 16:15:04',replace('Can root volumes be encrypted?\n','\n',char(10)),replace('No, except by third parties.\n','\n',char(10)),'A');
INSERT INTO question VALUES(177,'2020-12-19 16:15:04',replace('Can volumes be encrypted?\n','\n',char(10)),replace('Yes, non-root ones on creation, and on more expensive EC2 instances\n','\n',char(10)),'A');
INSERT INTO question VALUES(178,'2020-12-19 16:15:04',replace('Is an EBS instance replicated?\n','\n',char(10)),replace('Yes\n','\n',char(10)),'A');
INSERT INTO question VALUES(179,'2020-12-19 16:15:04',replace('What are the four ebs storage types?\n','\n',char(10)),replace('SSD (G(eneral) P(urpose)2) (100-3,000 IOPS burst, max 16,000), IO1/2 (100-32,000 IOPS/s for IO1, tho nitro goes to 64,000), ST(andard)1 Magnetic (spinning disks), SC2 (Standard Cold) (magnetic, which speeds up a little) Max IOPS 250\n','\n',char(10)),'A');
INSERT INTO question VALUES(180,'2020-12-19 16:15:04',replace('What is throughput vs IOPS?\n','\n',char(10)),replace('Throughput == bits read/written per second, IOPS is number of operations/s. They tend to follow each other, but it depends on the size of each OP. IO1 has independent throughput vs IOPS.\n','\n',char(10)),'A');
INSERT INTO question VALUES(181,'2020-12-19 16:15:04',replace('Max ratio for GB to IOPS?\n','\n',char(10)),replace('50:1\n','\n',char(10)),'A');
INSERT INTO question VALUES(182,'2020-12-19 16:15:04',replace('Which EBS types can be used for boot volumes?\n','\n',char(10)),replace('SSD and IO1\n','\n',char(10)),'A');
INSERT INTO question VALUES(183,'2020-12-19 16:15:04',replace('What is the minimum size for EBS?\n','\n',char(10)),replace('1Gb for GP, 4Gb for IO1, moving upwards to 500G for ST1 and 250G for SC2\n','\n',char(10)),'A');
INSERT INTO question VALUES(184,'2020-12-19 16:15:04',replace('What is the max disk size for EBS?\n','\n',char(10)),replace('16Tb\n','\n',char(10)),'A');
INSERT INTO question VALUES(185,'2020-12-19 16:15:04',replace('What is max throughput for EBS?\n','\n',char(10)),replace('40-90MiB/s for Magnetic, 160MiB/s for SSD/GP, 320 for IOPS (ie double)\n','\n',char(10)),'A');
INSERT INTO question VALUES(186,'2020-12-19 16:15:04',replace('SSD Baseline to Max throughput?\n','\n',char(10)),replace('3IOPS per GiB, up to 10,000 IOPS\n','\n',char(10)),'A');
INSERT INTO question VALUES(187,'2020-12-19 16:15:04',replace('EBS volumes can be re-attached across a region. True/False?\n','\n',char(10)),replace('False. It''s per AZ, as it''s per data center.\n','\n',char(10)),'A');
INSERT INTO question VALUES(188,'2020-12-19 16:15:04',replace('Can volumes be resized on the fly?\n','\n',char(10)),replace('Yes, increased in size.\n','\n',char(10)),'A');
INSERT INTO question VALUES(189,'2020-12-19 16:15:04',replace('How do pre-warm/initialize an EBS volume, new and restored?\n','\n',char(10)),replace('If it''s new, write all blocks, if restored, read all volumes. using dd or fio\n','\n',char(10)),'A');
INSERT INTO question VALUES(190,'2020-12-19 16:15:04',replace('What''s a volume queue length?\n','\n',char(10)),replace('IO Waits\n','\n',char(10)),'A');
INSERT INTO question VALUES(191,'2020-12-19 16:15:04',replace('What are the four volume status checks (OK,...)?\n','\n',char(10)),replace('OK, Warning (Degraded or Severely Degraded), Impaired (Stalled or Not Available), Insufficient Data. Warning = bad, Impaired = stopped (OWII)\n','\n',char(10)),'A');
INSERT INTO question VALUES(192,'2020-12-19 16:15:04',replace('Can you snapshot when volume is attached?\n','\n',char(10)),replace('Yes, but not recommended\n','\n',char(10)),'A');
INSERT INTO question VALUES(193,'2020-12-19 16:15:04',replace('Do snapshots store the whole thing every time?\n','\n',char(10)),replace('No, just backs up altered blocks.\n','\n',char(10)),'A');
INSERT INTO question VALUES(194,'2020-12-19 16:15:04',replace('What is instance store as opposed to EBS?\n','\n',char(10)),replace('As name suggests, EC2 ephemeral storage. Much much faster because co-located with VM. IOPS in the millions vs thousands for EBS (network store)\n','\n',char(10)),'A');
INSERT INTO question VALUES(195,'2020-12-19 16:15:04',replace('What does EBS stand for?\n','\n',char(10)),replace('Elastic block storage\n','\n',char(10)),'A');
INSERT INTO question VALUES(196,'2020-12-19 16:15:04',replace('What is EC2?\n','\n',char(10)),replace('Amazon''s compute\n','\n',char(10)),'A');
INSERT INTO question VALUES(197,'2020-12-19 16:15:04',replace('EC2 Instance types - what do C, D, R, I, M, T, G and D/HS stand for (DIRT MCG)?\n','\n',char(10)),replace('They are: D DENSE - for dense storage (file servers, data warehouses) / HS for high storage.  I IO - for IO - high speed storage.  R RAM-optimized.  T bursTABLE - general purpose (cheaper) (T2/T3) OR T2/T3 unlimited.  M MEDIUM - general purpose (larger) MEDIUM.  C CPU - stands for Compute-optimized.  G GPU - for graphics.\n','\n',char(10)),'A');
INSERT INTO question VALUES(198,'2020-12-19 16:15:04',replace('Where do you see Burstable CPU credit balance?\n','\n',char(10)),replace('CloudWatch\n','\n',char(10)),'A');
INSERT INTO question VALUES(199,'2020-12-19 16:15:04',replace('What is T2/T3 (burstable) unlimited\n','\n',char(10)),replace('Same as burstable, but you can pay for the burst.\n','\n',char(10)),'A');
INSERT INTO question VALUES(200,'2020-12-19 16:15:04',replace('What three services are required for autoscaling?\n','\n',char(10)),replace('EC2, ELB (load balancer), and CloudWatch. Cloudwatch is the key, as it can perform actions based on events.\n','\n',char(10)),'A');
INSERT INTO question VALUES(201,'2020-12-19 16:15:04',replace('Can you attach a role to a running instance?\n','\n',char(10)),replace('No\n','\n',char(10)),'A');
INSERT INTO question VALUES(202,'2020-12-19 16:15:04',replace('How can you get a free hour of AWS compute?\n','\n',char(10)),replace('Use a spot instance that Amazon terminates before the hour is up!\n','\n',char(10)),'A');
INSERT INTO question VALUES(203,'2020-12-19 16:15:04',replace('What is the default user you can log in as?\n','\n',char(10)),replace('ec2-user\n','\n',char(10)),'A');
INSERT INTO question VALUES(204,'2020-12-19 16:15:04',replace('Does a larger EC2 have better network bandwidth?\n','\n',char(10)),replace('Yes\n','\n',char(10)),'A');
INSERT INTO question VALUES(205,'2020-12-19 16:15:04',replace('Can you transfer an EC2 instance from one VPC to another?\n','\n',char(10)),replace('Yes\n','\n',char(10)),'A');
INSERT INTO question VALUES(206,'2020-12-19 16:15:04',replace('Can you transfer a reserved instance from one region to another?\n','\n',char(10)),replace('No\n','\n',char(10)),'A');
INSERT INTO question VALUES(207,'2020-12-19 16:15:04',replace('Can you transfer a reserved instance from one AZ to another?\n','\n',char(10)),replace('Yes\n','\n',char(10)),'A');
INSERT INTO question VALUES(208,'2020-12-19 16:15:04',replace('What is US STANDARD?\n','\n',char(10)),replace('Old term for us-east-1. Has different s3 upload characteristics (see notes)\n','\n',char(10)),'A');
INSERT INTO question VALUES(209,'2020-12-19 16:15:04',replace('What happens to the data on an instance store volume on termination?\n','\n',char(10)),replace('It is wiped. Same if the host fails. Reboot is OK.\n','\n',char(10)),'A');
INSERT INTO question VALUES(210,'2020-12-19 16:15:04',replace('What is the new user region limit on EC2 instances?\n','\n',char(10)),replace('20\n','\n',char(10)),'A');
INSERT INTO question VALUES(211,'2020-12-19 16:15:04',replace('What is spot termination notification and how is it delivered?\n','\n',char(10)),replace('Via the meta-data. 2 minute warning. get every 5 seconds\n','\n',char(10)),'A');
INSERT INTO question VALUES(212,'2020-12-19 16:15:04',replace('What is the rough price difference between heavy and medium instances?\n','\n',char(10)),replace('2:1\n','\n',char(10)),'A');
INSERT INTO question VALUES(213,'2020-12-19 16:15:04',replace('What is EC2 Hibernate?\n','\n',char(10)),replace('In-memory of VM RAM is preserved in EBS volume. You''re not charged for instance usage for a hibernated instance when it is in the stopped state. RAM contents is charged in the EBS storage along with the root volume.\n','\n',char(10)),'A');
INSERT INTO question VALUES(214,'2020-12-19 16:15:04',replace('What supports EC2 Hibernate (Machine type, RAM size, bare metal, OS, Root volume, number of days)?\n','\n',char(10)),replace('C, M, R instances. RAM size must be < 150G. No bare metal. Limited set of AMIs (Amazon''s and Ubuntu). Root volume not encrypted, not instance store. Not spot instances, not more than 60 days. NOT IN EXAM\n','\n',char(10)),'A');
INSERT INTO question VALUES(215,'2020-12-19 16:15:04',replace('SSH timeout - why?\n','\n',char(10)),replace('Security group issues\n','\n',char(10)),'A');
INSERT INTO question VALUES(216,'2020-12-19 16:15:04',replace('SSH permissions error - why?\n','\n',char(10)),replace('Keyfile doesn''t have 0400 perms\n','\n',char(10)),'A');
INSERT INTO question VALUES(217,'2020-12-19 16:15:04',replace('Can a security group reference another sec group?\n','\n',char(10)),replace('Yes\n','\n',char(10)),'A');
INSERT INTO question VALUES(218,'2020-12-19 16:15:04',replace('What is the difference between para and hardware virtualisation?\n','\n',char(10)),replace('Paravirtualization is close to the real hardware. HWV uses virtualized hardware interfaces. "Parrer is better."\n','\n',char(10)),'A');
INSERT INTO question VALUES(219,'2020-12-19 16:15:04',replace('What are the two status checks in EC2 and what are the diffs between them?\n','\n',char(10)),replace('System status check, Instance Status Check. System status check == check of physical hosts. Instance status check == EC2 instance created.\n','\n',char(10)),'A');
INSERT INTO question VALUES(220,'2020-12-19 16:15:04',replace('What can go wrong in a System Status check and what can you do to resolve?\n','\n',char(10)),replace('Network connectivity, power, software/hardware on the host. Stop and start the instance - it will go to a different host. NOT RESTART!\n','\n',char(10)),'A');
INSERT INTO question VALUES(221,'2020-12-19 16:15:04',replace('What can go wrong in a Instance Status check and what can you do to resolve?\n','\n',char(10)),replace('Networking or startup misconfig.  Memory exhaustion.  Corrupt fs.  Bad/incompatible kernel.  Restart or make mods to resolve.\n','\n',char(10)),'A');
INSERT INTO question VALUES(222,'2020-12-19 16:15:04',replace('What are ECS_CLUSTER, ECS_ENGINE_AUTH_DATA, ECS_AVAILABLE_LOGGING_DRIVERS, and ECS_ENABLED_TASK_IAM_ROLE\n','\n',char(10)),replace('ECS_CLUSTER to assign EC2 to, ECS_ENGINE_AUTH_DATA auth to pull images, ECS_AVAILABLE_LOGGING_DRIVERS where to log to, ECS_ENABLED_TASK_IAM_ROLE enable IAM roles for ECS tasks\n','\n',char(10)),'A');
INSERT INTO question VALUES(223,'2020-12-19 16:15:04',replace('What needs to be on the EC2 instance for ECS to work?\n','\n',char(10)),replace('The AWS ECS agent, and the config file in /etc/ecs/ecs.config\n','\n',char(10)),'A');
INSERT INTO question VALUES(224,'2020-12-19 16:15:04',replace('What is the IAM task role?\n','\n',char(10)),replace('A role that the task can take on to allow it to do what it needs\n','\n',char(10)),'A');
INSERT INTO question VALUES(225,'2020-12-19 16:15:04',replace('What are the big differences between EBS and EFS?\n','\n',char(10)),replace('Multi-AZ (NFS), more expensive, but pay for what you use. NFS Performance is very high. NFS Grows to Petabyte size. NFS attaches to >1 instance.\n','\n',char(10)),'A');
INSERT INTO question VALUES(226,'2020-12-19 16:15:04',replace('Will EFS work on Windows?\n','\n',char(10)),replace('No\n','\n',char(10)),'A');
INSERT INTO question VALUES(227,'2020-12-19 16:15:04',replace('What are the two performance modes for EFS?\n','\n',char(10)),replace('General (latency low), Max I/O - high latency highly parallel throughput\n','\n',char(10)),'A');
INSERT INTO question VALUES(228,'2020-12-19 16:15:04',replace('What are the storage tiers for EFS?\n','\n',char(10)),replace('Standard (frequently accessed). Infrequent Access (cheaper to store, cost to retrieve files)\n','\n',char(10)),'A');
INSERT INTO question VALUES(229,'2020-12-19 16:15:04',replace('What is EFS?\n','\n',char(10)),replace('Elastic File Service - NFS for EC2 instances\n','\n',char(10)),'A');
INSERT INTO question VALUES(230,'2020-12-19 16:15:04',replace('What is Elastic Beanstalk?\n','\n',char(10)),replace('Amazon''s aPaaS\n','\n',char(10)),'A');
INSERT INTO question VALUES(231,'2020-12-19 16:15:04',replace('What does Elastic Beanstalk use under the hood?\n','\n',char(10)),replace('CloudFormation\n','\n',char(10)),'A');
INSERT INTO question VALUES(232,'2020-12-19 16:15:04',replace('What env types for Elastic Beanstalk are there?\n','\n',char(10)),replace('Simple instance.  Load balancing & autoscaling\n','\n',char(10)),'A');
INSERT INTO question VALUES(233,'2020-12-19 16:15:04',replace('How is EFS charged?\n','\n',char(10)),replace('By files used. 30c per Gig.\n','\n',char(10)),'A');
INSERT INTO question VALUES(234,'2020-12-19 16:15:04',replace('What is the durability?\n','\n',char(10)),replace('None yet\n','\n',char(10)),'A');
INSERT INTO question VALUES(235,'2020-12-19 16:15:04',replace('It''s stored in one AZ. True or False?\n','\n',char(10)),replace('No, it''s replicated.\n','\n',char(10)),'A');
INSERT INTO question VALUES(236,'2020-12-19 16:15:04',replace('What''s the consistency model for EFS?\n','\n',char(10)),replace('Read after write consistency\n','\n',char(10)),'A');
INSERT INTO question VALUES(237,'2020-12-19 16:15:04',replace('What network granularity are mount targets made at?\n','\n',char(10)),replace('Subnet\n','\n',char(10)),'A');
INSERT INTO question VALUES(238,'2020-12-19 16:15:04',replace('What is EMR?\n','\n',char(10)),replace('Elastic Map Reduce\n','\n',char(10)),'A');
INSERT INTO question VALUES(239,'2020-12-19 16:15:04',replace('What is Elastic Search\n','\n',char(10)),replace('Search tool\n','\n',char(10)),'A');
INSERT INTO question VALUES(240,'2020-12-19 16:15:04',replace('What is Elastic Transcoder\n','\n',char(10)),replace('Transcodes media files into other versions for other devices etc..\n','\n',char(10)),'A');
INSERT INTO question VALUES(241,'2020-12-19 16:15:04',replace('What benefits does Redis have over Memcached with Elasticache?\n','\n',char(10)),replace('Multi-AZ and Master/Slave replication with failover (Memcached has sharding), read replicas, data durability with AOF persistence. Redis is more like a real DB.\n','\n',char(10)),'A');
INSERT INTO question VALUES(242,'2020-12-19 16:15:04',replace('What benefits does Memcached have over Redis with Elasticache?\n','\n',char(10)),replace('Sharding - it''s distributed\n','\n',char(10)),'A');
INSERT INTO question VALUES(243,'2020-12-19 16:15:04',replace('How do you access an elasticache cluster from outside the VPC?\n','\n',char(10)),replace('You can''t!\n','\n',char(10)),'A');
INSERT INTO question VALUES(244,'2020-12-19 16:15:04',replace('What do you monitor for Elasticache?\n','\n',char(10)),replace('Concurrent Connections.  Swap.  Evictions.  CPU.  SECC\n','\n',char(10)),'A');
INSERT INTO question VALUES(245,'2020-12-19 16:15:04',replace('What''s a good CPU usage for the two Elasticache products?\n','\n',char(10)),replace('Up to 90 for memcached (multi-threaded). 90 / Numcores for redis\n','\n',char(10)),'A');
INSERT INTO question VALUES(246,'2020-12-19 16:15:04',replace('What is an Evicition in Elasticache?\n','\n',char(10)),replace('When there is no room left, items are evicted from the cache\n','\n',char(10)),'A');
INSERT INTO question VALUES(247,'2020-12-19 16:15:04',replace('What can you do about evictions? Recommended settings? Scalings for memcached and redis?\n','\n',char(10)),replace('No recommended settings. Scale up (memory up - memcached only), Scale out (nodes - both)\n','\n',char(10)),'A');
CREATE TABLE answer (
       answer_id integer primary key not null,
       question_id integer not null,
       date_answered integer default current_timestamp not null,
       result text not null check (result = 'R' or result = 'W'),
       foreign key(question_id) references question(question_id)
);
INSERT INTO answer VALUES(1,1,'2020-12-19 11:45:08','R');
INSERT INTO answer VALUES(2,2,'2020-12-19 11:45:13','R');
INSERT INTO answer VALUES(3,1,'2020-12-19 11:46:03','R');
INSERT INTO answer VALUES(4,2,'2020-12-19 11:46:06','R');
INSERT INTO answer VALUES(5,1,'2020-12-19 11:48:58','R');
INSERT INTO answer VALUES(6,2,'2020-12-19 11:49:06','R');
INSERT INTO answer VALUES(7,1,'2020-12-19 12:07:56','W');
INSERT INTO answer VALUES(8,2,'2020-12-19 12:08:00','W');
COMMIT;
